param,value
Linf,56.13855381044067
Linf_se,0.011047700603518257
kappa,0.11651248536472565
kappa_se,0.057674236071285585
t0,-2.1196989870445484
t0_se,0.42104897155939763
